#gene1	gene2	strand1(gene/fusion)	strand2(gene/fusion)	breakpoint1	breakpoint2	site1	site2	type	split_reads1	split_reads2	discordant_mates	coverage1	coverage2	confidence	reading_frame	tags	retained_protein_domains	closest_genomic_breakpoint1	closest_genomic_breakpoint2	gene_id1	gene_id2	transcript_id1	transcript_id2	direction1	direction2	filters	fusion_transcript	peptide_sequence
NF2	PLA2G6	+/+	-/-	22:30061053	22:38565478	CDS/splice-site	5'UTR/splice-site	inversion	119	102	61	343	339	high	in-frame	.	FERM_C-terminal_PH-like_domain(77%),FERM_N-terminal_domain_(100%),FERM_central_domain(96%)|Ankyrin_repeat(100%),Patatin-like_phospholipase(100%)	.	.	ENSG00000186575.13	ENSG00000184381.14	ENST00000338641.4	ENST00000402064.1	downstream	downstream	duplicates(59),mismappers(2)	TCACATTTATGACCCTGAGAACAGACTGACCCCCAAGATCTCCTTCCCGTGGAATGAAATCCGAAACATCTCGTACAGTGACAAGGAG___TTTACTATTAAACCACTGGATAAGAAAATTGATGTCTTCAAGTTTAACTCCTCAAAGCTTCGTGTTAATAAGCTG|ACAGAGGGGGAAGACGGTGGGGCCTCCCCACCTGCCCCGCAGAAGATGCAGTTCTTTGGCCGCCTGGTCAATACCTTCAGTGGCGTCACCAACTTGTTCTCTAACCCATTCCGGGTGAAGGAGGTGGCTGTGGCCGACTACACCTCGAGTGACCGAGTTCGGGAGGAAGGGCAGC	HIYDPENRLTPKISFPWNEIRNISYSDKEFTIKPLDKKIDVFKFNSSKLRVNKL|tegedggasppapqkMQFFGRLVNTFSGVTNLFSNPFRVKEVAVADYTSSDRVREEGQ
NF2	PLA2G6	+/+	-/-	22:30061053	22:38565474	CDS/splice-site	5'UTR/splice-site	inversion	5	2	56	343	339	high	out-of-frame	.	FERM_C-terminal_PH-like_domain(77%),FERM_N-terminal_domain_(100%),FERM_central_domain(96%)|Ankyrin_repeat(100%),Patatin-like_phospholipase(100%)	.	.	ENSG00000186575.13	ENSG00000184381.14	ENST00000338641.4	ENST00000430886.1	downstream	downstream	duplicates(8)	AGAACAGACTGACCCCCAAGATCTCCTTCCCGTGGAATGAAATCCGAAACATCTCGTACAGTGACAAGGAG___TTTACTATTAAACCACTGGATAAGAAAATTGATGTCTTCAAGTTTAACTCCTCAAAGCTTCGTGTTAATAAGCTG|AGGGGGAAGACGGTGGGGCCTCCCCACCTGCCCCGCAGAAGATGCAGTTCTTTGGCCGCCTGGTCAATACCTTCAGTGGCGTCACCAACTTGTTCTCTAACCCATTCCGGGTGAAGGAGGTGGCTGTGGCCGACTACACCTCGAGTGACCGAGTTCGGGAGGAAGGGCAG	NRLTPKISFPWNEIRNISYSDKEFTIKPLDKKIDVFKFNSSKLRVNKL|rgktvgpphlprrrcsslaawsipsvasptcslthsg*
NF2	PLA2G6	+/+	-/-	22:30057328	22:38565478	CDS/splice-site	5'UTR/splice-site	inversion	0	1	11	683	339	high	in-frame	.	FERM_C-terminal_PH-like_domain(50%),FERM_N-terminal_domain_(100%),FERM_central_domain(96%)|Ankyrin_repeat(100%),Patatin-like_phospholipase(100%)	.	.	ENSG00000186575.13	ENSG00000184381.14	ENST00000338641.4	ENST00000402064.1	downstream	downstream	.	CCAG___GGATGAAGCTGAAATGGAATATCTGAAGATAGCTCAGGACCTGGAGATGTACGGTGTGAACTACTTTGCAATCCGG___AATAAAAAGGGCACAGAGCTGCTGCTTGGAGTGGATGCCCTGGGGCTTCACATTTATGACCCTGAGAACAGACTGACCCCCAAGATCTCCTTCCCGTGGAATGAAATCCGAAACATCTCGTACAGTGACAAGGAG|ACAGAGGGGGAAGACGGTGGGGCCTCCCCACCTGCCCCGCAGAAGATGCAGTTCTTTGGCCGCCTGGTCAATACCTTCAGTGGCGTCACCAACTTGTTCTCTAACCCATTCCGGGTGAAGGAGGTGGCTGTGGCCGACTACACCTCGAGTGACCGAGTTCGGGAGGAAGGGCAGCTGATTCTGTTCCAGAACACTCCCAACCGCACCTGGGAC	RDEAEMEYLKIAQDLEMYGVNYFAIRNKKGTELLLGVDALGLHIYDPENRLTPKISFPWNEIRNISYSDKE|tegedggasppapqkMQFFGRLVNTFSGVTNLFSNPFRVKEVAVADYTSSDRVREEGQLILFQNTPNRTW
NF2	PLA2G6	+/+	-/-	22:30057328	22:38565474	CDS/splice-site	5'UTR/splice-site	inversion	0	1	10	683	339	high	out-of-frame	.	FERM_C-terminal_PH-like_domain(50%),FERM_N-terminal_domain_(100%),FERM_central_domain(96%)|Ankyrin_repeat(100%),Patatin-like_phospholipase(100%)	.	.	ENSG00000186575.13	ENSG00000184381.14	ENST00000338641.4	ENST00000430886.1	downstream	downstream	.	CCAG___GGATGAAGCTGAAATGGAATATCTGAAGATAGCTCAGGACCTGGAGATGTACGGTGTGAACTACTTTGCAATCCGG___AATAAAAAGGGCACAGAGCTGCTGCTTGGAGTGGATGCCCTGGGGCTTCACATTTATGACCCTGAGAACAGACTGACCCCCAAGATCTCCTTCCCGTGGAATGAAATCCGAAACATCTCGTACAGTGACAAGGAG|AGGGGGAAGACGGTGGGGCCTCCCCACCTGCCCCGCAGAAGATGCAGTTCTTTGGCCGCCTGGTCAATACCTTCAGTGGCGTCACCAACTTGTTCTCTAACCCATTCCGGGTGAAGGAGGTGGCTGTGGCCGACTACACCTCGAGTGACCGAGTTCGGGAGGAAGGGCAGCTGATTCTGTTCCAGAACACTCCCAACCGCACCTGGGAC	RDEAEMEYLKIAQDLEMYGVNYFAIRNKKGTELLLGVDALGLHIYDPENRLTPKISFPWNEIRNISYSDKE|rgktvgpphlprrrcsslaawsipsvasptcslthsg*
NF2	PLA2G6	+/+	-/-	22:30054253	22:38565474	CDS/splice-site	5'UTR/splice-site	inversion	1	0	1	936	339	medium	out-of-frame	.	FERM_N-terminal_domain_(100%),FERM_central_domain(96%)|Ankyrin_repeat(100%),Patatin-like_phospholipase(100%)	.	.	ENSG00000186575.13	ENSG00000184381.14	ENST00000338641.4	ENST00000430886.1	downstream	downstream	.	GAGAGAATTACTGCTTGGTACGCAGAGCACCGAGGCCGAGCCAG___GGATGAAGCTGAAATGGAATATCTGAAGATAGCTCAGGACCTGGAGATGTACGGTGTGAACTACTTTGCAATCCGG|AGGGGGAAGACGGTGGGGCCTCCCCACCTGCCCCGCAGAAGAT...TGGTCAATACCTTCAGTGGCGTCACCAACTTGTTCTCTAACCCATTCCGGGTGAAGGAGGTGGCTGTGGCCGACTACACCTCGAGTGACCGAGTTCGGGAG	ERITAWYAEHRGRARDEAEMEYLKIAQDLEMYGVNYFAIR|rgktvgpphlprrr
NF2	PLA2G6	+/+	-/-	22:30061053	22:38541660	CDS/splice-site	CDS/splice-site	inversion	1	0	0	343	737	low	out-of-frame	.	FERM_C-terminal_PH-like_domain(77%),FERM_N-terminal_domain_(100%),FERM_central_domain(96%)|Ankyrin_repeat(100%),Patatin-like_phospholipase(100%)	.	.	ENSG00000186575.13	ENSG00000184381.14	ENST00000338641.4	ENST00000402064.1	downstream	downstream	.	CCGAAACATCTCGTACAGTGACAAGGAG___TTTACTATTAAACCACTGGATAAGAAAATTGATGTCTTCAAGTTTAACTCCTCAAAGCTTCGTGTTAATAAGCTG|ACTCTTCCAGCTGGAGTTGGAGGCTGACGCCCTAGTGAATTTCCATCAGTATTCTTCCC	RNISYSDKEFTIKPLDKKIDVFKFNSSKLRVNKL|tlpagvgg*
PLOD1	PLOD1	+/+	+/+	1:12027148	1:12020703	CDS/splice-site	CDS/splice-site	duplication/non-canonical_splicing	132	112	29	2295	1334	high	in-frame	.	|2OG-Fe(II)_oxygenase_superfamily(100%)	.	.	ENSG00000083444.12	ENSG00000083444.12	ENST00000196061.4	ENST00000196061.4	downstream	upstream	duplicates(28),low_entropy(1)	CTGGAAGGAGAAGTACATCCACCAGAACTACACCAAAGCCCTGGCAGGGAAGCTGGTGGAGACG___CCCTGCCCGGATGTCTATTGGTTCCCCATCTTCACGGAGGTGGCCTGTGATGAGCTGGTGGAGGAGATGGAGCACTTTGGCCAGTGGTCTCTGGGCAACAACAAG|GAGCAGCACCACAAGGCTCAGGTGGAAGAGTTCCTGGCACAGCATGGCAGCGAGTACCAGTCTGTGAAGCTGGTGGGCCCTGAGGTGCGGATGGCGAATGCAGATGCCAGGAACATGGGCGC___AGACCTGTGCCGGCAGGACCGCAG	WKEKYIHQNYTKALAGKLVETPCPDVYWFPIFTEVACDELVEEMEHFGQWSLGNNK|EQHHKAQVEEFLAQHGSEYQSVKLVGPEVRMANADARNMGADLCRQDR
APOL2	SMARCB1	-/-	+/+	22:36635487	22:24158957	CDS/splice-site	CDS/splice-site	inversion	5	149	13	353	465	high	.	.	|SNF5_/_SMARCB1_/_INI1(83%)	.	.	ENSG00000128335.9	ENSG00000099956.13	ENST00000454728.1	ENST00000344921.6	upstream	upstream	duplicates(31),inconsistently_clipped(1)	GGAGGACGTGTCTGGTTATTACACAGATGCACAGCTGGACGTGGGATCCACACAGCTCAGAACAGTTGGATCTTGCTCAGTCTCTGTCAGAGGAAGATCCCTTG|AGAAGTTGATGACGCCTGAGATGTTTTCAGAAATCCTCTGTGACGATCTGGATTTGAACCCGCTGACGTTTGTGCCAGCCATCGCCTCTGCCATCAGACAGCAGATCGAGTCCTACCCCACGGACAGCATCCTGGAGGACCAGTCAGACCAGCGCGTCATCATCAAG___CTGAACATCC	.
APOL2	SMARCB1	-/-	+/+	22:36635182	22:24158957	5'UTR/splice-site	CDS/splice-site	inversion	1	2	14	152	465	high	.	.	|SNF5_/_SMARCB1_/_INI1(83%)	.	.	ENSG00000128335.9	ENSG00000099956.13	ENST00000476579.1	ENST00000344921.6	upstream	upstream	duplicates(1)	TGGGGAAAACAGCTTAGATGGGTTCACAAAGCTCCCCGGGCTCAGCTCTGGTTCTGACACCCTCAGACACGGCCAGCTGACCCCAGAAGAAAG|AGAAGTTGATGACGCCTGAGATGTTTTCAGAAATCCTCTGTGACGATCTGGATTTGAACCCGCTGACGTTTGTGCCAGCCATCGCCTCTGCCATCAGACAGCAGATCGAGTCCTACCCCACGGACAGCATCCTGGAGGACCAGTCAGACCAGCGCGTCATCATCAAG___CTGAAC	.
SMARCB1	MLC1	+/+	-/+	22:24135875	22:50515846	CDS/splice-site	CDS	deletion/5'-5'	24	26	6	165	60	high	out-of-frame	.	.	.	.	ENSG00000099956.13	ENSG00000100427.11	ENST00000344921.6	.	downstream	upstream	duplicates(4)	GGAAGAAAATAGTTGCATCGTCACATG___ATCACGGATACACGACTCTAGCCACCAGTGTGACCCTGTTAAAAGCCTCGGAAGTGGAAGAGATTCTGGATGGCAACGATGAGAAGTACAAGGCTGTGTCCATCAGCACAGAGCCCCCCACCTACCTCAG|TCCTCCTCGCTGGACCGTGCAGCGATGATCACCGTGGCCGCCATGAGCAGCTCCAGCAGGAGCAGCAGGATGAGGTTGAAGTTGATCTGCCAAGGGGCACACACGCTTCAGCACCGGGCCCGCCTTTCTCACGCCACCGCGCTTCAGCGTCCACCGGACCACCTCACGGGCAGGCTGCGCAG	KKIVASSHDHGYTTLATSVTLLKASEVEEILDGNDEKYKAVSISTEPPTYLs|pprwtvqr*
MYH9	GRAMD4	-/-	+/+	22:36783852	22:47054084	5'UTR/splice-site	CDS/splice-site	inversion	20	22	9	766	145	high	.	.	|GRAM_domain(100%)	.	.	ENSG00000100345.16	ENSG00000075240.12	ENST00000216181.5	ENST00000406902.1	upstream	upstream	duplicates(6),low_entropy(1)	CCGCGGTTCCTGGGCAGGGCACGGAAGGCTAAGCAAGGCTGACCTGCTGCAGCTCCCGCCTCGTGCGCTCGCCCCACCCGGCCGCCGCCCGAGCGCTCGAGAAAGTCCTCTCGGGAGAAGCAGCGCCTGTTCCCGGGGCAGATCCAGGTTCAG|AGGAGGAGCTCCGGAAGCTGCGAGAAGAAACCAACGCGGAGATGCTGCGGCAGGAGCTGGACCGCGAGCGGCAGCGGCGGATGGAGCTGGAGCAGAAGGTGCAGGAGGTGCTGAAGGCCAG___AACCGAGGAGCAGATGGCTCAGCAGCCC	.
CBX7	CSF2RBP1(7476),LL22NC01-81G9.3(4049)	-/-	./-	22:39545794	22:37357240	CDS/splice-site	intergenic	deletion	15	16	2	104	44	high	out-of-frame	.	Chromo_(CHRromatin_Organisation_MOdifier)_domain(55%)|	.	.	ENSG00000100307.8	.	ENST00000216133.5	.	upstream	downstream	duplicates(6)	CCCGCATGGAGCTGTCAGCCATCGGCGAGCAGGTGTTCGCCGTGGAGAGCATCCGGAAGAAGCGCGTGCGGAAG___GGTAAAGTCGAGTATCTGGTGAAGTGGAAAGGATGGCCCCCAAA|CCTGAACTCACCCTCCACACGCGCCTGCCCAAGTATGAGAAGATCTCCAAG___AGACAAGGTCTCACCATGTTGTGCAGGCTGGTCTCAGACTCCTGGGCTCAAGCAATCCTCCCGCCTCGGCC	MELSAIGEQVFAVESIRKKRVRKGKVEYLVKWKGWPPn|lnspstracpsmrrsprdkvspccagwsqtpglkqssrlg
KB-1572G7.2	CSF2RB	-/-	+/+	22:24025912	22:37318078	exon/splice-site	5'UTR/splice-site	inversion	6	18	7	198	53	high	.	.	|Fibronectin_type_III_domain(100%),Interferon-alpha/beta_receptor__fibronectin_type_III(100%),Interleukin-6_receptor_alpha_chain__binding(100%)	.	.	ENSG00000273000.1	ENSG00000100368.9	ENST00000421064.1	ENST00000403662.3	upstream	upstream	duplicates(8),low_entropy(4)	GCTGAAGCTCACACCCGTGGACCACCCAGACTGCCTGCCGCTACAGGATGCCCTCCGCATCTCCCAGGACTTCTTTCCGGCATCAGTGTGGACATTGACCCCACTGGACTGCAGTCACAGTGGACTCCCAAGGGGCAG|GCCTGGAGGAGGCAGAGGCCAGGAGGGAGAGGTCCCAAGAGCCTGTGAAATGGGTCTGGCCTGGCTCCCAGCTGGGCAGGAACACAGGACTTCAGGACACTAAGGACCCTGTCATGCCCATGGCCAGCACCCACCAGTGCTGGTGCCTGCCTGTCCAGAG	.
AP000347.2	CSF2RB	-/-	+/+	22:24025912	22:37318078	exon/splice-site	5'UTR/splice-site	inversion	6	18	7	198	53	high	.	.	|Fibronectin_type_III_domain(100%),Interferon-alpha/beta_receptor__fibronectin_type_III(100%),Interleukin-6_receptor_alpha_chain__binding(100%)	.	.	ENSG00000272578.1	ENSG00000100368.9	ENST00000417194.1	ENST00000403662.3	upstream	upstream	duplicates(8),low_entropy(4)	GCTGAAGCTCACACCCGTGGACCACCCAGACTGCCTGCCGCTACAGGATGCCCTCCGCATCTCCCAGGACTTCTTTCCGGCATCAGTGTGGACATTGACCCCACTGGACTGCAGTCACAGTGGACTCCCAAGGGGCAG|GCCTGGAGGAGGCAGAGGCCAGGAGGGAGAGGTCCCAAGAGCCTGTGAAATGGGTCTGGCCTGGCTCCCAGCTGGGCAGGAACACAGGACTTCAGGACACTAAGGACCCTGTCATGCCCATGGCCAGCACCCACCAGTGCTGGTGCCTGCCTGTCCAGAG	.
GUSBP11	CSF2RB	-/-	+/+	22:24025912	22:37318078	exon/splice-site	5'UTR/splice-site	inversion	6	18	7	198	53	high	.	.	|Fibronectin_type_III_domain(100%),Interferon-alpha/beta_receptor__fibronectin_type_III(100%),Interleukin-6_receptor_alpha_chain__binding(100%)	.	.	ENSG00000228315.7	ENSG00000100368.9	ENST00000422506.1	ENST00000403662.3	upstream	upstream	duplicates(8),low_entropy(4)	GCTGAAGCTCACACCCGTGGACCACCCAGACTGCCTGCCGCTACAGGATGCCCTCCGCATCTCCCAGGACTTCTTTCCGGCATCAGTGTGGACATTGACCCCACTGGACTGCAGTCACAGTGGACTCCCAAGGGGCAG|GCCTGGAGGAGGCAGAGGCCAGGAGGGAGAGGTCCCAAGAGCCTGTGAAATGGGTCTGGCCTGGCTCCCAGCTGGGCAGGAACACAGGACTTCAGGACACTAAGGACCCTGTCATGCCCATGGCCAGCACCCACCAGTGCTGGTGCCTGCCTGTCCAGAG	.
MORC2	TMEM184B	-/-	-/+	22:31332498	22:38636988	CDS/splice-site	intron	inversion/5'-5'	8	9	11	276	36	high	out-of-frame	.	CW-type_Zinc_Finger(100%),Histidine_kinase-__DNA_gyrase_B-__and_HSP90-like_ATPase(100%)|	.	.	ENSG00000133422.8	ENSG00000198792.8	ENST00000397641.3	.	upstream	upstream	duplicates(2),inconsistently_clipped(2),mismatches(1)	GAAAAAGATTACCCTGACACCTGGGTTTGCTCCATGAACCCTGATCCTGAACAGGACCG___GTGTGAGGCTTCTGAACAAAAGCAGAAGGTTCCCCTGGGAACATTCAGAAAGGACATGAAGACGCAGGAAGAGAAGCAGAAACAACTGACAGAGAAAATTCGCCAGCAGCAGGAGAAGCTGGAGGCCCTTCAG|GAAGCTGCTGGAAGACGTGCTCCAACCAGGCAGGGAGAGCAAACCATGAACAAGGAGGAAACAGCCTCCACGGAACAGGTGACTCAGCACAGGAGAAGCGGTTTCCAGGCTTATGGTGAATGAAAGAGCCAGGGCAACAGCTGAGCAGCGGGAGCCTGGAAAGCAGGCATTCCTGACTGCAGCACAGGGAGAAGGCACCAGGAG	EKDYPDTWVCSMNPDPEQDRCEASEQKQKVPLGTFRKDMKTQEEKQKQLTEKIRQQQEKLEALQ|eaagrraptrqgeqtmnkeetasteqvtqhrrsgfqayge*
MKL1	CACNA1I	-/-	+/-	22:40812990	22:40063295	CDS/splice-site	intron	deletion/5'-5'	11	5	2	304	54	high	out-of-frame	.	RPEL_repeat(100%),SAP_domain(100%)|	.	.	ENSG00000196588.10	ENSG00000100346.13	ENST00000355630.3	.	upstream	downstream	.	CTCTGCTGAAGAAGGAACCACCTGGCTATGAGGAAGCCATGAGCCAGCAGCCCAAACAGCAG___GAAAATGGTTCCTCAAGCCAGCAGATGGACGACCTGTTTGACATTCTCATTCAGAGCGGAG|GTGGGAATGGTGCCAAAGGTATCCAGAAAGTGTTCAGACCCAGGAGCAGGGAAAGCAGAGGAAGACCCCCTGCCAAGGGCACAGGAGGCTCCTACATTCCAAGGACCTGCCATCACTGTCCCTGTTGACAAATGAGGACACTGGAACAGAGGGTCTGGCACGTGTCTGAGGGCACACGGCTGGTAAGG?C	LLKKEPPGYEEAMSQQPKQQENGSSSQQMDDLFDILIQSG|ggngakgiqkvfrprsresrgrppakgtggsyiprtchhcpc*
OSBP2	AP000350.8	+/+	+/+	22:31091540	22:24294320	CDS/splice-site	intron	duplication	0	11	6	19	20	high	out-of-frame	.	PH_domain(34%)|	.	.	ENSG00000184792.11	ENSG00000231271.1	ENST00000332585.6	ENST00000440099.1	downstream	upstream	duplicates(2)	GGACAGGCGAAGACTCCTCTTGGGGTTCCAATGTCGGGGACTGGCACGACCTCCAGTGCCCCACTGGCCTTACTGCCTCTGGACAGCTTCGAGGGCTGGCTTCTCAAGTGGACCAACTATCTGAAGGGCTACCAGCGCCGCTGGTTCGTGCTGGGCAATGGTTTGCTCTCTTACTACAG|GCCAGCAGCACAGCGATGCCTTTGCCCAGGTGAACCCCCTGAGGAAGGTGCCGGGCCTTGAAGGATGGGGACTTCACCTTGGCTGAGAGGTAACCGGTCCGTG...___GTGGATTGAGTcGTTGGAGAGTTTTGAGCAGAGGAGAAC	GQAKTPLGVPMSGTGTTSSAPLALLPLDSFEGWLLKWTNYLKGYQRRWFVLGNGLLSYYr|paaqrclcpgeppeegagp*
MTMR3	PES1	+/+	-/-	22:30296268	22:30988385	intron	5'UTR/splice-site	inversion	5	5	5	11	29	high	.	.	|BRCA1_C_Terminus_(BRCT)_domain(100%),Pescadillo_N-terminus(100%)	.	.	ENSG00000100330.11	ENSG00000100029.13	.	ENST00000402281.1	downstream	downstream	duplicates(3),mismatches(1)	GGAGGGAAGGAGTTGATGGAGGGCTAAAAATTCTGGAGAGGACAAAGTTTTAAGGAATCTCAGAACACCAAAACCTCATCTTGGCTCTGCCTTCACATTATTGTTTCTTTGG|CCGtATAACCGCGAATGAACCAAAGAGAACCCGAAGCCGGTGGGAACTCAGCGCAGTCTCACCCTGCCCCTCGGGAACCGCTTCTCAGCAGCGGCAGCCGAAGTCTGACGACGCTTAGCAACCGTTACCTTGACAACGCAATCCTATCGCGCACCATGGAGTGCGGCGCCCCTC	.
MTMR3	PES1	+/+	-/-	22:30279348	22:30985257	5'UTR/splice-site	CDS/splice-site	inversion	4	6	1	56	351	high	.	.	|BRCA1_C_Terminus_(BRCT)_domain(100%),Pescadillo_N-terminus(98%)	.	.	ENSG00000100330.11	ENSG00000100029.13	ENST00000333027.3	ENST00000354694.7	downstream	downstream	duplicates(1)	TGTTGTGGTTGTGAGAAGGCGGCGGCGGCGGCGGAGTAGCAGCCGGACGAGACGTCCCAGCGGCTCAGGCGCTGCCCAGCGCCGGCCCTGGCAGGGAGCCTGGTGGGGTGGCGGAGGGGGAGACTGTGCCGTGGAGGGCCTCGCCATGTCCTGCTGCCCG|TATGAACGAGGCTCGGCCACCAACTACATCACCCGGAACAAAGCCCGGAAGAAGCTCCAGCTGAGCTTGGCTGACTTTAG___GCGGCTGTGCATTCTGAAGGGCATTTATCCCCATGAACCCAAACACAAGAAGAAGGTTAACAAGGGTTCTACAGCAGCCCGAACGTTTTACCTTATCAAAGACATCAGG	.
MTMR3	PES1	+/+	-/-	22:30279348	22:30988385	5'UTR/splice-site	5'UTR/splice-site	inversion	2	3	3	56	29	high	.	.	|BRCA1_C_Terminus_(BRCT)_domain(100%),Pescadillo_N-terminus(100%)	.	.	ENSG00000100330.11	ENSG00000100029.13	ENST00000333027.3	ENST00000402281.1	downstream	downstream	duplicates(1)	GCTCTGTGTGGCCGCTGCCGCCATGTTGTTGTGGTTGTGAGAAGGCGGCGGCGGCGGCGGAGTAGCAGCCGGACGAGACGTCCCAGCGGCTCAGGCGCTGCCCAGCGCCGGCCCTGGCAGGGAGCCTGGTGGGGTGGCGGAGGGGGAGACTGTGCCGTGGAGGGCCTCGCCATGTCCTGCTGCCCG|CCGtATAACCGCGAATGAACCAAAGAGAACCCGAAGCCGGTGGGAACTCAGCGCAGTCTCACCCTGCCCCTCGGGAACCGCTTCTCAGCAGCGGCAGCCGAAGTCTGACGACGCTTAGCAACCGTTACCTTGACAACGCAATCCTATCGCGCACCATGGAGTGCGGCGCCCCTCTGCATCCCAGAAGGC	.
PACSIN2	AC006946.15	-/-	+/+	22:43411027	22:17611252	5'UTR/splice-site	CDS/splice-site	inversion	1	12	1	163	66	high	.	.	.	.	.	ENSG00000100266.13	ENSG00000235478.1	ENST00000263246.3	ENST00000441544.1	upstream	upstream	duplicates(1)	CAGGGGTCTGGGCAGGGCTGGGCAGTGCTGCCGGAGCAAAAGCGGTAGCGGGAGCCCGGCCGGAGCTGGGTCTGGAGACGCCGTGGCAGCCTGAACGGAGTGTGCGACGGATTGGGAG|ACCTTGGACCCATGTGTGGAAGATGACAGCATCACCAACTGGAGGGTGCCTGGATCCCTGAGTCACCACTTGAAGCAAAAAGGTCAAGAGTAGCCACCTGACCCATATCAGGCTATGAAATGA___AGAGAAAATGACACGAGGC...CAAGAGCTGGAG	.
DEPDC5	HSPG2	+/+	-/+	22:32253539	1:22173837	CDS/splice-site	intron	translocation/5'-5'	10	2	1	101	827	high	out-of-frame	.	Vacuolar_membrane-associated_protein_Iml1_(100%)|	.	.	ENSG00000100150.12	ENSG00000142798.12	ENST00000266091.3	.	downstream	upstream	duplicates(3)	TCTCTGGAGTCAACTGCACCCCCAGTGGGGAAGAAGGGAACCTCAGCTCTCTCTGCCCTGTTGGAGATGGAGGCCAGTCAGAA___GTGCCTGGGAGAACAGCAGGCAGCTGTGCATGGTGGGAAGAGCTCCGCCCAGTCAGCCGAGAGCAGCAGCGTTGCCATGACTCCCACCTACATGGACAGCCCACGAAAG|GCAGACTCACCGGAGGGGCTGCCGGCGCTAGGGGAGACGGAGATGACGATGGAGGCCTCCAGGGCATCGATGTTGTTGTTGGCCCGGCACACATACTCGCCC	SLESTAPPVGKKGTSALSALLEMEASQKCLGEQQAAVHGGKSSAQSAESSSVAMTPTYMDSPRK|adspeglpalgetemtmeasrasmlllarhtys
PHF5A	SLC2A11	-/-	+/+	22:41863452	22:24198974	CDS/splice-site	5'UTR	inversion	2	5	5	274	32	high	out-of-frame	.	PHF5-like_protein(77%)|Major_Facilitator_Superfamily(100%),Sugar_(and_other)_transporter(100%)	.	.	ENSG00000100410.3	ENSG00000133460.15	ENST00000216252.3	ENST00000345044.6	upstream	upstream	duplicates(1),mismatches(2)	AAGCAGGCTGGTGTTG___CCATCGGAAGACTGTGTGAAAAAT___GTGATGGCAAGTGTGTGATTTGTGACTCCTATGTGCGTCCCTGCACTCTGGTGCGCATATGTGATGAGTGTAACTATGGATCTTACCAGGGGCGCTGTGTGATCTGTGGAGGACCTGGGGTCTCTGATGCCTATTATTGTAAGGAGTGCACCATCCAGGAGAAGGAC|GGCCTGAGAAGCCCTGAGGGATAAAAGATTAATCCGGTTCAGTGGACTCTGTGGTTCCTCAACTCCAAGTGCCCCCAGCATAAGTCGGACCTGCCTCTCACGCAATGGATCCCCTGGCGGCAACCCGAGACCGGTTCTCCTACCCGCATTCCGCCAAGTCTCTCGCTCTGCCCAGGACGCACAGATGAG	KQAGVAIGRLCEKCDGKCVICDSYVRPCTLVRICDECNYGSYQGRCVICGGPGVSDAYYCKECTIQEKD|glrspeg*
PHF5A	SLC2A11	-/-	+/+	22:41863452	22:24204291	CDS/splice-site	CDS/splice-site	inversion	0	3	0	274	136	medium	in-frame	.	PHF5-like_protein(77%)|Major_Facilitator_Superfamily(100%),Sugar_(and_other)_transporter(100%)	.	.	ENSG00000100410.3	ENSG00000133460.15	ENST00000216252.3	ENST00000345044.6	upstream	upstream	.	GCTGTGTGATCTGTGGAGGACCTGGGGTCTCTGATGCCTATTATTGTAAGGAGTGCACCATCCAGGAGAAGGAC|ATTCAGGGCAGGATCCTGCTCCTGACCATCTGCGCTGCCGGCATTGGTGGGACTTTTCAGTTTGGCTATAACCTCTCTATCATCAATGCCCCGACCTTG___CACATTCAGGAATTCACCAATGAGACATGGCAGGCGCGTACTGGAGAGCCACTGCCCGATCACCTAGTCCTGCT	CVICGGPGVSDAYYCKECTIQEKD|IQGRILLLTICAAGIGGTFQFGYNLSIINAPTLHIQEFTNETWQARTGEPLPDHLVL
PHF5A	KB-1125A3.11	-/-	-/+	22:41863452	22:24198974	CDS/splice-site	exon	inversion/5'-5'	2	5	4	274	32	high	out-of-frame	.	PHF5-like_protein(77%)|	.	.	ENSG00000100410.3	ENSG00000272973.1	ENST00000216252.3	.	upstream	upstream	duplicates(1),mismatches(2)	AAGCAGGCTGGTGTTG___CCATCGGAAGACTGTGTGAAAAAT___GTGATGGCAAGTGTGTGATTTGTGACTCCTATGTGCGTCCCTGCACTCTGGTGCGCATATGTGATGAGTGTAACTATGGATCTTACCAGGGGCGCTGTGTGATCTGTGGAGGACCTGGGGTCTCTGATGCCTATTATTGTAAGGAGTGCACCATCCAGGAGAAGGAC|GGCCTGAGAAGCCCTGAGGGATAAAAGATTAATCCGGTTCAGTGGACTCTGTGGTTCCTCAACTCCAAGTGCCCCCAGCATAAGTCGGACCTGCCTCTCACGCAATGGATCCCCTGGCGGCAACCCGAGACCGGTTCTCCTACCCGCATTCCGCCAAGTCTCTCGCTCTGCCCAGGA	KQAGVAIGRLCEKCDGKCVICDSYVRPCTLVRICDECNYGSYQGRCVICGGPGVSDAYYCKECTIQEKD|glrspeg*
FBXL7	MIR548AG2(186136),RP11-151E14.1(61241)	+/+	./+	5:15616181	20:59325819	CDS/splice-site	intergenic	translocation	6	3	1	26	7	high	out-of-frame	.	.	.	.	ENSG00000183580.8	.	ENST00000504595.1	.	downstream	upstream	duplicates(1)	GGGCATGACGGCTACAGGATGGGCGCGAACAATGGCAAACAGTACGGCAGTGAGG___GCAAAGGCAGCTCGAGCATCTCATCTGACGTGAGTTCAAGTACAGATCACACGCCCACTAAAGCCCAGAAGAATGTGGCTACCAGCGAAG|GAGACGACGAGAAAGAGAACAGACCACCTGTCCAGATAATTTGCCTTTGGAGTCTGCAGGGCTGGTGAAGGCATCCTGAGATGGGGGAGGCCCCTGGGGACCTCCACAGTCAGGGCTCCCACCTCCTCTCCCACACCGCTCTGCCTCATGCCCTGGG	MGANNGKQYGSEGKGSSSISSDVSSSTDHTPTKAQKNVATSE|gddekenrppvqiiclwslqgw*
HIRA	SMC1B	-/-	-/-	22:19346859	22:45757864	CDS/splice-site	CDS/splice-site	duplication	4	5	1	189	43	high	out-of-frame	.	HIRA_B_motif(100%),WD_domain__G-beta_repeat(100%)|RecF/RecN/SMC_N_terminal_domain(26%)	.	.	ENSG00000100084.10	ENSG00000077935.12	ENST00000541063.1	ENST00000357450.4	upstream	downstream	.	GTGGTGGGGGGCGTGAAGCTGAGCCGCCTGAAGTGCAACCGGGAAGGGAAGGAGTGGGAGACGGTACTCACCAGCCGGATCCTCACTGCTGCGGGCAGCTG|GCTGAAGAAAACTGTCTGCAGACAGTGAATGAACTCATGGCAAAGCAGCAGCAACTTAAGGACATACGTGTCACTCAGAACTCCAGTGCCGAGAAAGTTCAAACTCAAATTGAAGAGGAACGGAAGAAGTTTCTGGCTGTTGATAG___GGAAGTGGGGAAATTGCAAAAAGAAGTTGTAAGTATTCAAACTTCTCTGGAACAGAAACGATTAGAGAAGCA	VVGGVKLSRLKCNREGKEWETVLTSRILTAAGSw|lkktvcrq*
HIRA	SMC1B	-/-	-/-	22:19346859	22:45758906	CDS/splice-site	CDS/splice-site	duplication	0	1	3	189	2	high	stop-codon	.	HIRA_B_motif(100%),WD_domain__G-beta_repeat(100%)|RecF/RecN/SMC_N_terminal_domain(29%)	.	.	ENSG00000100084.10	ENSG00000077935.12	ENST00000541063.1	ENST00000357450.4	upstream	downstream	duplicates(1)	TGTACATTGAGGTGGAGAATGAAGTGACAGTGGTGGGGGGCGTGAAGCTGAGCCGCCTGAAGTGCAACCGGGAAGGGAAGGAGTGGGAGACGGTACTCACCAGCCGGATCCTCACTGCTGCGGGCAGCTG|ATTAGAATTTGAAAAACAAAAAACTCGGCTTAATGTTCAACTTGAGTATAGTCGCAGTCACCTTAAGAAGAAACTGAATAAGATCAACACATTAAAAGAAACTATCCAGAAAGGTAGTGAAGATATTGATCACCTAAAGAAG___GCTGAAGAAAACTGTCTGCAGACAGTGAATGAACTCATGGCAAAGCAG	.
C22orf39	SMC1B	-/-	-/-	22:19346859	22:45757864	3'UTR/splice-site	CDS/splice-site	duplication	4	5	1	189	43	high	.	.	|RecF/RecN/SMC_N_terminal_domain(26%)	.	.	ENSG00000242259.4	ENSG00000077935.12	ENST00000509549.1	ENST00000357450.4	upstream	downstream	.	GTGGTGGGGGGCGTGAAGCTGAGCCGCCTGAAGTGCAACCGGGAAGGGAAGGAGTGGGAGACGGTACTCACCAGCCGGATCCTCACTGCTGCGGGCAGCTG|GCTGAAGAAAACTGTCTGCAGACAGTGAATGAACTCATGGCAAAGCAGCAGCAACTTAAGGACATACGTGTCACTCAGAACTCCAGTGCCGAGAAAGTTCAAACTCAAATTGAAGAGGAACGGAAGAAGTTTCTGGCTGTTGATAG___GGAAGTGGGGAAATTGCAAAAAGAAGTTGTAAGTATTCAAACTTCTCTGGAACAGAAACGATTAGAGAAGCA	.
C22orf39	SMC1B	-/-	-/-	22:19346859	22:45758906	3'UTR/splice-site	CDS/splice-site	duplication	0	1	3	189	2	high	.	.	|RecF/RecN/SMC_N_terminal_domain(29%)	.	.	ENSG00000242259.4	ENSG00000077935.12	ENST00000509549.1	ENST00000357450.4	upstream	downstream	duplicates(1)	TGTACATTGAGGTGGAGAATGAAGTGACAGTGGTGGGGGGCGTGAAGCTGAGCCGCCTGAAGTGCAACCGGGAAGGGAAGGAGTGGGAGACGGTACTCACCAGCCGGATCCTCACTGCTGCGGGCAGCTG|ATTAGAATTTGAAAAACAAAAAACTCGGCTTAATGTTCAACTTGAGTATAGTCGCAGTCACCTTAAGAAGAAACTGAATAAGATCAACACATTAAAAGAAACTATCCAGAAAGGTAGTGAAGATATTGATCACCTAAAGAAG___GCTGAAGAAAACTGTCTGCAGACAGTGAATGAACTCATGGCAAAGCAG	.
MICALL1	AC006548.26(4112),CECR7(19526)	+/+	./-	22:38337540	22:17497934	3'UTR/splice-site	intergenic	inversion	0	4	4	274	35	high	.	.	Bivalent_Mical/EHBP_Rab_binding_domain(100%),CAMSAP_CH_domain(100%),Calponin_homology_(CH)_domain(100%),LIM_domain(100%)|	.	.	ENSG00000100139.9	.	ENST00000402631.1	.	downstream	downstream	duplicates(2)	CCTGTCCTGTGCAGGCGCCCTTGGATCTCAGTTTCCCTCACTCAGGAACTCTGTTTCTGAAGTCTTCAGTTAAGTTTGAGTTTATGACTGAGTGGCCTGTACTGTCAGACGTGAATGGGCCTGACGGGCAAATCCATCCCTCTCTCCCTCACAGTTCCAGGAGCGGCTTCCCTCGTCTCCCCTTACTCCACAGGGAGCCTCCCTTGCCAGGACCAGGGCTGCGACGGCCATGCTGGGGCAG|ATTGTTCACTCTTGGCATATAGAAATGCTACTGATTCCTGCTGGGCGCAGTGGCTCACGCCTGTAATCCCAGCACTTTGGGAAGCTGAGGTCAGGAGATCGAGACCATACTGGCTAAC	.
RBFOX2	APOL6	-/-	+/+	22:36334895	22:36044478	CDS/splice-site	5'UTR	inversion	2	4	1	88	92	high	in-frame	.	|Apolipoprotein_L(100%)	.	.	ENSG00000100320.18	ENSG00000221963.5	ENST00000438146.2	ENST00000409652.4	upstream	upstream	duplicates(1)	GTCACTGCAGTCCTTGTCCTCACAGTCTGGTAGGGGAGAGAATCTATTGCACAGATATCTCTATCTCCACGAAGTTG___AACGAGCCTCTGACTCCAGGTTATCATGGATTCCCAGCGCGGGACAGCCAG|CACTTAACCGAAACCAGTTTTGCAATCAATTCCTGTTCAAAGGCCACCCTACTCTTCCTATCCGTCTTTCTCCAGCCCAGACACTCACAGCCCCCTGCCAGACCAGGGGACCTCGGAGAGGCAAGGACAGAGGTTCAGGATCTTCCTCTCCCTCGGGACCCAAGGCCACAAAGGAGAGCTCCGTGGAGAGAAG___AAAATCATTTGACTCCTGGGGACACAGATTTGCTGCCACAGAGGCTGATGGACAACCAGGCGGAGAGAGAAAGTGAGGCTGGTGTTGGTTTGCAAAG___GGATG	NEPLTPGYHGFPARDSQ|hltetsfainscskatllflsvflqprhsqpparpgdlgeartevqdlplprdprpqrrapwreenhltpgdtdllpqrlMDNQAERESEAGVGLQRD
RBFOX2	APOL6	-/-	+/+	22:36334895	22:36052426	CDS/splice-site	5'UTR/splice-site	inversion	1	3	0	88	262	high	out-of-frame	.	|Apolipoprotein_L(100%)	.	.	ENSG00000100320.18	ENSG00000221963.5	ENST00000438146.2	ENST00000409652.4	upstream	upstream	duplicates(1)	GGAGGAGACGGAGCCGATCCCGGCCTGAGCAAGCGGCCGCGCACTGAGGAGGCGGCGGCCGACGGTGGCGGCGGGATGCAG___AACGAGCCTCTGACTCCAGGTTATCATGGATTCCCAGCGCGGGACAGCCAG|AAAATCATTTGACTCCTGGGGACACAGATTTGCTGCCACAGAGGCTGATGGACAACCAGGCGGAGAGAGAAAGTGAGGCTGGTGTTGGTTTGCAAAG___GGATGAGGATGACGCTCCTCTGTGTGAAGACGTGGAGCTACAAGACGGAGATCTGTCCCCCGAAGAAAAAATATTTTTGAGAGAATTTCCCAGATTGAAAG	GGDGADPGLSKRPRTEEAAADGGGGMQNEPLTPGYHGFPARDSQ|kii*
CECR3	UPB1	-/-	+/+	22:17747413	22:24916355	exon/splice-site	CDS/splice-site	inversion	2	4	0	3	11	high	.	.	.	.	.	ENSG00000241832.1	ENSG00000100024.10	ENST00000428828.1	ENST00000498140.1	upstream	upstream	duplicates(1)	GACAGGGGCGTCTGCAGCTGGTGACATTCCTAGGAAAATTATTTCTCATAACCCTGGGAAGTTGCATGCTGTTTCCTTAGCAGCAGAGTAAGCCTCAAAG|CGAGTCCCTGTGGCCCATCGAGGCCAGAAACGCAGCCATTGCCAATCACTGCTTCACCTGCGCCATCAATCGAGTGGGCACC___CTCACCAGGACTTTGGCTACTTTTATGGCTCGAGCTATGTGGCAGCCCCTGACAGCAGCCGGACTCCTGGGC	.
CECR3	UPB1	-/-	+/+	22:17747413	22:24919587	exon/splice-site	CDS/splice-site	inversion	0	0	0	3	23	low	.	.	.	.	.	ENSG00000241832.1	ENSG00000100024.10	ENST00000428828.1	ENST00000413389.2	upstream	upstream	inconsistently_clipped(1)	CGTCTGCAGCTGGTGACATTCCTAGGAAAATTATTTCTCATAACCCTGGGAAGTTGCATGCTGTTTCCTTAGCAGCAGAGTAAGCCTCAAAG|CTCACCAGGACTTTGGCTACTTTTATGGCTCGAGCTATGTGGCAGCCC	.
DUSP18	RP3-388M5.9(446),SULT4A1(6669)	-/-	./-	22:31059391	22:44213720	3'UTR/splice-site	intergenic	duplication	2	2	2	70	4	high	stop-codon	.	Dual_specificity_phosphatase__catalytic_domain(100%)|	.	.	ENSG00000167065.9	.	ENST00000407308.1	.	upstream	downstream	duplicates(4)	CACGTCTCTGTGACTTCTTTGACCCTATTGCTGACCATATCCACAGCGTGGAGATGAAGCAGGGCCGTACTTTGCTGCACTGTGCTGCTGGTGTGAGCCGC...ATCCACTATGAGTTCCAATTGTTTGGCAAGAACACTGTGCACATGGTCAGTTCCCCAGTGGGAATGATCCCTGACATCTATGAGAAGGAAGTCCGTTTGATGATTCCACTGTGAGCCATCCCACGAGCCCCTGCATTGGAGTCAGAG|GACAGCTGAAGAGAATCTTGTCTCCATTTTATGAGACTACCAAAAGGACAGCAGTCAGGGAAGCAGATTTCTGAGAGGGAGAGGCTCTCCGCTTCCATGTGGACACGCTACGCATCCCTGCCACGTACTTGCTCTTCTTCCCTTCTTTATTAATAGAC	.
THOC5	TTLL1	-/-	-/+	22:29907095	22:43467108	CDS/splice-site	intron	inversion/5'-5'	2	0	4	164	4	high	out-of-frame	.	Fms-interacting_protein/Thoc5(100%)|	.	.	ENSG00000100296.9	ENSG00000100271.12	ENST00000490103.1	.	upstream	upstream	duplicates(1)	CTCCTCCATCCCACCTGTTTTCCAGCTCTGgTTGAACTGGAAAGGGGAGAAAACCAACAGCAACGATGACAACATTCGG___GCCATGGAGGGCGAAGTCAATGTGTGCTACAAGGAGCTGTGTGGCCCTTGGCCCAGCCACCAGCTGTTGACCAACCAGCTGCAGCGGCTGTGTGTGCTGCTGGATGTTTACCTGGAGACCGAGAGCCATGACGACAGTGTGGAGGGGCCCAAGGAATTTCCCCAGGAGAAGATGTGTCTGCGGCTCTTCAG|AGATGGGGATTTGCCATGTTGCCCAGGCTGGTCTCAAACTCCTGGATTCAACTGgTCCTGCCGCCTCgGCCTCCCAAAGTG	SSIPPVFQLwLNWKGEKTNSNDDNIRAMEGEVNVCYKELCGPWPSHQLLTNQLQRLCVLLDVYLETESHDDSVEGPKEFPQEKMCLRLFr|dgdlpccpgwsqtpgfnwscrlglpk
SKIV2L2	CHSY3	+/+	+/+	5:54711960	5:129519922	CDS/splice-site	CDS/splice-site	deletion	1	4	0	334	15	high	out-of-frame	.	DEAD/DEAH_box_helicase(100%),DSHCT_(NUC185)_domain(70%),Helicase_conserved_C-terminal_domain(100%)|Chondroitin_N-acetylgalactosaminyltransferase(96%),Fringe-like(9%)	.	.	ENSG00000039123.11	ENSG00000198108.3	ENST00000230640.5	ENST00000305031.4	downstream	upstream	.	GTTTCAGCAGAAGCCAAATTGGAAATTGATGAGGAAACTTATCTAAGCTCATTTAAACCTCACTTAATGGATGTAGTATATACCTGGGCAACTGGAGCTACATTTGCCCATATCTGCAAAATGACAGATGTCTTTGAAG|ATGCAACAACTGTTCCATGAAAATTATGAACACAATCGGAAGGGTTACATCCAAGACCTTCACAATAGCAAAATCCATGCAGCCATAACACTTCATCCCAACAAAAGGCCTGCATACCAATACAGGCTGCATAATTACATGCTCAtCCGCAAAATTTCTGAACTTCGCTACC	VSAEAKLEIDEETYLSSFKPHLMDVVYTWATGATFAHICKMTDVFE|dattvp*
ARVCF	CELSR1	-/-	-/-	22:19969456	22:46790159	CDS/splice-site	CDS/splice-site	duplication	0	2	2	44	6	high	out-of-frame	.	|7_transmembrane_receptor_(Secretin_family)(100%),GPCR_proteolysis_site__GPS__motif_(100%),Laminin_EGF_domain(100%),NA(100%),Slime_mold_cyclic_AMP_receptor(100%)	.	.	ENSG00000099889.9	ENSG00000075275.12	ENST00000263207.3	ENST00000262738.3	upstream	downstream	.	GTGACTGAGCAGCAGGCCTGCCCACCAATGTCCCTCCTTGCCCCAGGAGCAGAGCCCAGGCAGCCAGGCCTCACTGGCCACGATGCCGGAGGCACCTGATGTGCTGGAGGAGACCGTGACGGTGGAGGAGGACCCCGGCACACCCACTTCCCATGTGTCTATTGTCACATCCGAAGATGGCACAACCCGGCGCACCGAGACCAAG|ACTCGACCTTCCGTGCCCCAGAGGCTGGTGGGGGAACCCCGTCTGTGGACCCTGCCACTGTGCCGTCAGCAAAGGCTTTGATCCCGACTGTAATAAGACCAACGGCCAGTGCCAATGCAAG___GAGAATTACTACAAGCTCCTAGCCCAGGACACCTGTCTGCCCTGCGACTGCTTCCCCCATGGCTCCCAC	*lssrpahqcpslpqEQSPGSQASLATMPEAPDVLEETVTVEEDPGTPTSHVSIVTSEDGTTRRTETK|trpsvpqrlvgeprlwtlplcrqqrl*
TTC28	ALPL	-/-	+/+	22:29025540	1:21880471	CDS/splice-site	5'UTR/splice-site	translocation	3	1	0	25	7	high	out-of-frame	.	|Alkaline_phosphatase(100%)	.	.	ENSG00000100154.10	ENSG00000162551.9	ENST00000397906.2	ENST00000374840.3	upstream	upstream	duplicates(1)	GACACTATTGGCCAGAGAAGTCCTGATGGACCGGTACTGAGCAAAGCTGAATTTGTTGAGAAAGTTCGTCAGAGTAATCAGGCCTGTCATGATGGAGATTTCCACACAGCTATTGTTCTGTATAATGAAGCCCTGGCTGTTGACCCTCAGAACTGCATCTTATACAGCAATAGATCTGCAGCCTACATGAAAATCCAGCAGTATGACAAGGCACTGGATGATGCAATCAAAGCTCGACTTCTCAATCCCAAGTGGCCAAAG|GATTGGAACATCAGTTAACATCTGACCACTGCCAGCCCACCCCCTCCCACCCACGTCGATTGCATCTCTGGGCTCCAGGGATAAAGCAGGTCTTGGGGTGCACCATGATTTCACCATTCTTAGTACTGGC	DTIGQRSPDGPVLSKAEFVEKVRQSNQACHDGDFHTAIVLYNEALAVDPQNCILYSNRSAAYMKIQQYDKALDDAIKARLLNPKWPK|dwnis*
TTC28	ALPL	-/-	+/+	22:29025540	1:21887119	CDS/splice-site	CDS/splice-site	translocation	0	1	0	25	39	low	out-of-frame	.	|Alkaline_phosphatase(100%)	.	.	ENSG00000100154.10	ENSG00000162551.9	ENST00000397906.2	ENST00000374840.3	upstream	upstream	.	CCTACATGAAAATCCAGCAGTATGACAAGGCACTGGATGATGCAATCAAAGCTCGACTTCTCAATCCCAAGTGGCCAAAG|AGAAAGAGAAAGACCCCAAGT...AGAGACACTGAAATATGCCCTGGAGCTTCAGAAGCTCAACACCAACGTGGCTAAGAATGTCATCATGTTCCTGGGAGATG___GGATGGGTGTCTCCACAGTGA	YMKIQQYDKALDDAIKARLLNPKWPK|rkrktp
ZNRF3	RBFOX2(1408),APOL3(110491)	+/+	./-	22:29280054	22:36425881	CDS/splice-site	intergenic	inversion	1	2	0	11	5	high	out-of-frame	.	.	.	.	ENSG00000183579.11	.	ENST00000544604.2	.	downstream	downstream	.	CCGCGGGGCCCGGCGCGGCGCGGGCCAAGGAGACGGCGTTCGTGGAGGTGGTGCTGTTCGAGTCGAGCCCAAGCGGCGATTACACCACCTACACCACtGGCCTCACGGGCCGCTTCTCGCGGGCCGGGGCCACGCTCAGCGCCGAGGGCGAGATCGTGCAG|GGCACGATATGGAACTCAGAGGAAGTCACTGCAGTCCTTGTCCTCACAGTCTGGTAGGGGAGAGAATCTATTGCACAGATATCTCTATCTCCACGAAGTTGGTAAGTCATAAAGTGCTCCTCAGGCAGCAAG	AGPGAARAKETAFVEVVLFESSPSGDYTTYTTGLTGRFSRAGATLSAEGEIVQ|gtiwnseevtavlvltvw*
NUP85	RP11-155G15.2	+/+	+/-	17:73214401	5:96660385	CDS/splice-site	intron	translocation/5'-5'	2	1	0	201	12	high	out-of-frame	.	Nup85_Nucleoporin(26%)|	.	.	ENSG00000125450.6	ENSG00000251513.1	ENST00000245544.4	.	downstream	downstream	.	TTTTATTGAAGTGGCCCCAG___CTGGCCCTCTCCTCCTCCATCTCCTTGACTGGGTCCGGCTCCATGTGTGCGAGGTGGACAGTTTGTCGGCAGATGTTCTGGGCAGTGAGAATCCAAGCAAACATGACAGCTTCTGGAACTTG|AGCTTTCATGGAAACAAGGAAGTTCACCATGAAAAAGGAAGACAGAGGATTCT...ATTTAAAATCCAGAGGAGGAAAAGGGAATTCCCAGAAAGATGCTGAAAGAAATTTCCTGGAAGACAACTACGCAGTAAGCCAGGGGGAAAACCAACAACCT	FIEVAPAGPLLLHLLDWVRLHVCEVDSLSADVLGSENPSKHDSFWNL|sfhgnkevhhekgrqri
TRABD	TTLL12	+/+	-/-	22:50624405	22:43572402	5'UTR/splice-site	CDS/splice-site	inversion	0	47	0	80	164	medium	.	.	|Tubulin-tyrosine_ligase_family(100%)	.	.	ENSG00000170638.5	ENSG00000100304.12	ENST00000380909.4	ENST00000216129.6	downstream	downstream	duplicates(3)	CCGTTGAGGGCCCGCGCCGCATGGAGGCCGGCTGAGGAGCGCCGCTGCCTCGCCTCG|GCCATTCTGGAGGAAAACAAGGAGAAGCTGCCACTTGACATCAACCCCGTGGTGCACCCCCACGGCCACATCTTCAA___GGTCTACACGGACGTGCAGCAGGTGGCCAGCAGCCTCACCCACCCGCGCTTCACCCTCACCCAGAGTGAGGCGGACGCCGACATCCTCTTCAACTTCTCACACTTCAAGGACTACAG___GAAACTCAGCCA	.
TRABD	TTLL12	+/+	-/-	22:50624430	22:43572402	5'UTR/splice-site	CDS/splice-site	inversion	0	3	0	15	164	medium	.	.	|Tubulin-tyrosine_ligase_family(100%)	.	.	ENSG00000170638.5	ENSG00000100304.12	ENST00000303434.4	ENST00000216129.6	downstream	downstream	.	CGCGCCGCATGGAGGCCGGCTGAGGAGCGCCGCTGCCTCGCCTCGGTACGCCGCGCGGCGCGGACGGCGC|GCCATTCTGGAGGAAAACAAGGAGAAGCTGCCACTTGACATCAACCCCGTGGTGCACCCCCACGGCCACATCTTCAA___GGTCTACACGGACGTGCAGCAGGTGGCCAGCAGCCTCACCCACCCGCGCTTCACCCTCACCCAGAGTGAGGCGGACGCCGAC	.
TRABD	TTLL12	+/+	-/-	22:50625892	22:43572402	intron	CDS/splice-site	inversion	1	0	1	6	164	low	.	.	|Tubulin-tyrosine_ligase_family(100%)	.	.	ENSG00000170638.5	ENSG00000100304.12	.	ENST00000216129.6	downstream	downstream	.	AGCGGTCCCGCCAAAGCCGGGAGGGGTTTCCTGTGGCCAgAGGTGCCAGGCATCAGAAACAGGAAGCAGGGGAGGTCAAAGCTCTGGGCCACACCCTGGTCCCTCCAAGTTTGTCATTTCTGCAACCCCCAG|GCCATTCTGGAGGAAAACAAGGAGAAGCTGCCACTTGACATCAACCCCGTGGTGCACCCCCACGGCCACATCTTCAA___GGTCTACACGGACGTGCAGCAGGTGGCCAGCAGCCTCACCCACC	.
ASCC2	BCR	-/-	+/-	22:30211576	22:23607647	intron	intron	deletion/5'-5'	12	22	4	22	43	medium	.	.	.	.	.	ENSG00000100325.10	ENSG00000186716.15	ENST00000307790.3	.	upstream	downstream	.	TCTTTACACAGCAGCCAAGTTACTACAGTGACCTGGATGAAACCCTGCCTACCATCCTTCAG___...TGAAATAATGTTCATTGTAGAAAATTCGGAAAATAAAAAATGAAAGAGGAACATTATCATTCCCTCAT|GGGCACTGCAAGCTCCTTTGGTCCTAAGACTTGTCCAACCCGGAAACCTGACAGAGCGATGCTGGGCCAACCCTACTGAGCTGGTCATGGGGACAAGGGCAGGCACCGGGCCTATCTGTCCTTGGGGAGTCCCCAGCACCCAGCCCAGGTTGAACACACGTGAGTACTCAGCTCGTCGTTATGGGG	.
THOC5	TXNRD2	-/-	-/-	22:29905006	22:19881633	intron	intron	deletion	12	11	6	36	21	medium	.	.	Fms-interacting_protein/Thoc5(100%)|Pyridine_nucleotide-disulphide_oxidoreductase(8%),Pyridine_nucleotide-disulphide_oxidoreductase__dimerisation_domain(100%)	.	.	ENSG00000100296.9	ENSG00000184470.15	.	.	upstream	downstream	duplicates(10)	CTCCAGGCTGAGCTCCTCTGTCAGCATTCTGGGAAGGTGCTCCTTCAGTGACTCAGATCCAGTTAACTCTATGGCCGGTAGATGTGAGAGGCAAGGCTCTCCGGCCAGGATGCAGAGTGCTGGCATGGGCAGCAAGAGACCTGAGGC|ATTTGTTAGAGTTAGCATTTGTGTAGCATGTGCCAGCATTTCCTTCCTGTTGAAGGCTGAGTTGTATGTGTGTCCATTATCTGTCAGTGGACACTTAGGTTGCTTCCGTCTTTTGGCTGTTGTGGATCATGCTGCTGTGAACATGGGT	.
MOV10L1	EFCAB6	+/+	-/+	22:50599962	22:44168790	3'UTR	CDS	duplication/5'-5'	7	8	2	14	13	medium	stop-codon	.	.	.	.	ENSG00000073146.11	ENSG00000186976.10	ENST00000545383.1	.	downstream	upstream	duplicates(3),inconsistently_clipped(3),mismatches(1)	TGCAAAA___CTGTGGCGAGGGGGTGGCAGACCCCTCCTACCCAGTGGTGCCAGAATCCACAGGACCAGAGAAGCATCAGGAGCCCAGCTGATCTGCAGTGGCTGACAGCAGGGAGGCCATGTGCTCAGCCTGGCCACGTTGCCGTTACAGTCTGCTCCGTGGCTCCTGTGGCCTG|AAACTGTTCTCGTGTGAGCGGCATCAGGAAGTCTGTGATGATTCTTCTCAGTTCACTTTTTGACACAGTCAAGTTCTGACCAGTATCCAGCAGCTGAAAGGCTTTTTGCAACTCATCCCCTCTGTCGGT	.
XPNPEP3	RP5-1119A7.17	+/+	-/-	22:41278904	22:36957438	intron	exon	inversion	5	7	0	9	23	medium	.	.	Aminopeptidase_P__N-terminal_domain(91%)|	.	.	ENSG00000196236.8	ENSG00000261675.1	.	ENST00000562756.1	downstream	downstream	duplicates(3),inconsistently_clipped(2)	ATATAATTTAAGAGTTTTTGGTATAGTCATAGAATTGTGCAACCATCACCACAATGAATTTTAGAACATTTCAATTAAAAAAAAACTCCATGTTCACTGGATTATTCATTAATGGAGACTGTTACCTATCCTAG|GCAGAAACTGAACTCTACCCCTCTCCCACCCCAATCTTGCCCGCCATCCCACCAGATTCCAGACCTAAAGGGATCAAGGATGAGAGCGAAGGGAGAAGGGAGGGgCCCCAAGAAAACCGCACCCAAGCGAGCACTGTCTGAAGAGAAA	.
AP1B1	HSPG2	-/-	-/+	22:29729258	1:22216486	intron	CDS	translocation/5'-5'	7	4	0	24	281	medium	.	.	Adaptin_C-terminal_domain(50%),Adaptin_N_terminal_region(100%),HEAT_repeat(100%)|	.	.	ENSG00000100280.12	ENSG00000142798.12	.	.	upstream	upstream	duplicates(3)	GAGTGTTTTACAGACAGAAACGCCCTGCTCCAGCTGAGAAGCCCACCTCTGGCAAACACCCCACATAGGAGGGGCCCATCTTAGGGACCAGCTCTCAGAAGGCTGGTGGGGAGTGGGCCTGCCTACCAGCCTCCCCATTGTGGCAGAGGATTAAAGTGTCAGATGGGGCCTCTGGGAGCGGTAGCTGCTTCAGGCCCCTCCCCACCGGGTCCGCTACACTGGGTGTCAGTGGGAAGGTTGCGTCATGGACCCAGCCAGTGAGGCTgGGA|GTCGGAACTGGAATCCCTGGGGAGAGGTGACGTAGGAGGCCACAGAGCCGCTGGAGATGACCCTGAGCAGCATCTCCTGAATCTGAGCaCCATCCGCATTCCCTTCCGAGCCCACATCgAGCTCCACAAAAACCCAGCCATCCAGCTCC	.
TRMU	MYH9	+/+	-/+	22:46740918	22:36731135	intron	intron	duplication/5'-5'	2	5	4	15	12	medium	.	.	Asparagine_synthase(100%),NAD_synthase(100%),Thiamine_biosynthesis_protein_(ThiI)(100%),tRNA_methyl_transferase_HUP_domain(47%)|	.	.	ENSG00000100416.8	ENSG00000100345.16	.	.	downstream	upstream	duplicates(1)	CTCTAAAGTGCCTTTTTCAGGTCGTTAATATGCAGCAGCTAATTCTTGCTGTGTCTTCTGTTTACATGGAGCTAGTGTGGCTGGTCCAGGATGGCTGTGTCTTCTGTTTACACTGAGCTAGTGTGGTTGGTCCAGGATGGAA|AGCTCTCGAGGCTCGGTGGGGCGCCCCTCCTCTGTGCTAGTCTCTGGCTCTCATCTTGAAGCTGATTTGCCTGTCTCTGAGCACGAAACAGTCACCTCCTCCAGGCAGGCCCCAGCCTGCTGTCTGTACACTCTCTGCAGAGTGCCCGGCACACACACAGTAGGTGCTCAGCTCAGCCAGCACAGAGAGACCAGCAGGTGCAGACACAGAACACGCCCC	.
RP5-1042K10.13	CACNA1I	+/-	+/-	22:40811116	22:40064483	exon	intron	deletion	3	4	1	14	19	medium	.	.	.	.	.	ENSG00000272834.1	ENSG00000100346.13	.	.	upstream	downstream	inconsistently_clipped(1)	GCAGGTATGGGACCCGCTGTGAGGACGGCTGGGCTGGGCGCTCAGGAGCGAGGCCTTGGCGTGAGCTTCAGGAGGTTCCAAGGGAAGGAGGTGCTACCCCAGAGATATTGTTCAAGAAGGAAAAGGGAACAGGCTTTGAACTCTAGCTTCTAAGGGATGGCAGAGAAAGGGAGATGGTGGGTGTGG|AACTCATTGGCACCAGTTTCAAATTCAAACCACTGGGCCCCAAGGACACCATGTTCCTCCCTGCATCAAGGCTTGGCCTGGTCCCAGCTACACCCACCTGCTGGTCCACAGCAACAGCATCCAGTCCATTGTACATGATGTTCACCCAACCATCCTTGGATGCCAGGACAAAGAGGGA	.
PLA2G6	KB-1125A3.11	-/+	-/+	22:38582651	22:24198955	intron	exon	duplication	1	2	3	1	26	medium	.	.	.	.	.	ENSG00000184381.14	ENSG00000272973.1	.	.	downstream	upstream	inconsistently_clipped(1)	AGTAAACACAGGAAGGAGAGACCGGGGAGGGTCACAGTTTTAACTAGATGGGCCAGGAAAAGCGTTAGAAGGGAGATAATTAAATAAAGACCTGATGGAGGCGAAGGAGTGAGCT|CCTGGATTCCTCCATGCAGGGCCTGAGAAGCCCTGAGGGATAAAAGATTAATCCGGTTCAGTGGACTCTGTGGTTCCTCAACTCCAAGTGCCCCCAGCATAAGTCGGACCTGCCTCTCACGCAATGGATCCCCTGGCGGCAACCCGAGACCGGTTCTCCTACCCGCATTCCGCCAAGTCTCTCGCTCTGCCCAGGACGCAC	.
PLA2G6	SLC2A11	-/+	+/+	22:38582651	22:24198955	intron	5'UTR	duplication/3'-3'	1	2	3	1	26	medium	.	.	|Major_Facilitator_Superfamily(100%),Sugar_(and_other)_transporter(100%)	.	.	ENSG00000184381.14	ENSG00000133460.15	.	ENST00000345044.6	downstream	upstream	inconsistently_clipped(1)	AGTAAACACAGGAAGGAGAGACCGGGGAGGGTCACAGTTTTAACTAGATGGGCCAGGAAAAGCGTTAGAAGGGAGATAATTAAATAAAGACCTGATGGAGGCGAAGGAGTGAGCT|CCTGGATTCCTCCATGCAGGGCCTGAGAAGCCCTGAGGGATAAAAGATTAATCCGGTTCAGTGGACTCTGTGGTTCCTCAACTCCAAGTGCCCCCAGCATAAGTCGGACCTGCCTCTCACGCAATGGATCCCCTGGCGGCAACCCGAGACCGGTTCTCCTACCCGCATTCCGCCAAGTCTCTCGCTCTGCCCAGGACGCAC	.
MIR497HG	CNTROB(332),RP11-1099M24.8(4618)	-/+	./+	17:6920444	17:7853568	exon	intergenic	deletion	2	3	0	34	5	medium	.	.	.	.	.	ENSG00000267532.2	.	.	.	downstream	upstream	.	CTGAGGCCGGGGGTCCCCCCATAAAGAAACAGAAGGCTG___ATGTGACACTCAGTGCTCTGAACGACTCCGATGCCAACAGTGACGTGGTGGATATTGAAGGG...GCTAAGAAACTCAACTTCGACCAGGGTAGGAGTCCTCCTCCTCCCACACAGCTGACGGGGTTGGGGAGAAAGGGCTCACCTGGATGGCAGGGCACGGTCTCCGCAGGGGCCCCTCCCTTGTATAGGGGTTTCAGAA|CTTAAATCAACAAACAAAAAACAAATACCTCCATTAAAAAATGGGCAGAGGACCTGAACAGACACTTCGCAAAAGAAGACATGCAAGC...CAACAAACATTTGAAAAAATGCTCGTTAATAATCATCAGAGAAATGCAAATCAATTTAATGCAAAACCCCACAATGAGATACCATCTCATACCTATCAGAATGACTATTATTAAAAAGTCAAAAAACAACATGCTGGCGAGGCTGCAGAGAAAAGGGAATGCTTATATAGCTGTCAGTGG	.
KRT18P5	MKL1	-/-	-/-	22:20837491	22:41011220	exon	intron	duplication	2	3	0	14	3	medium	.	.	|RPEL_repeat(100%),SAP_domain(100%)	.	.	ENSG00000236670.1	ENSG00000196588.10	ENST00000436075.1	.	upstream	downstream	.	GTGGCAGACATCCAGGCTCAATATGATGAGCTGGCTCGGAAGAAACGACAGGAGCTGGACAAGTACTGGTCTCAGCAGATTGAGGAGAGCACCACAGTGGTCACCATGCAGTCCACTGAGGTTGGAACTGCTGAGATGACAATCACGGAGTTGAGACGT|GGATATTTGTATGTAAAGAAATGAACCTCAATCCCAGTCTCATATGATACATAAAAATTAATTTGAAATGGTTTGTAGACCTAAACATACAAACTAAAAGCATAAAACTTATAGGAGAAATCATGG	.
EVL	RP11-1029J19.2(93439),DIO3OS(1665)	+/+	./-	14:100591450	14:102016893	intron	intergenic	inversion	0	1	3	7	4	medium	.	.	RanBP1_domain(100%),WH1_domain(100%)|	.	.	ENSG00000196405.8	.	.	.	downstream	downstream	.	CACGTACGGACGGACACACACACCTGCTGCAAtACGAGACCACACACATGCGCACACACACACACCTGCCCCAAGATGAGACCACATGTGGATAGACACACACACACACACCTGCTCCACGGTGGGACCACACACAGACACAGACACACACACCTGCCCCA|TCCATCCATCCATCCATCCATCCATCCATCTATTCATCCATCTTTGCATCCACCCACCGGTCCATCCATCCATCCATTCATCCATCCATTTGTCTTTGCATCCACCTGTCCATTCATCCAACCATCCATCCATC	.
NIPSNAP1	VPREB3	-/-	-/-	22:29976974	22:24095385	CDS/splice-site	CDS/splice-site	deletion	0	4	0	83	9	medium	out-of-frame	.	|Immunoglobulin_V-set_domain(98%),Immunoglobulin_domain(99%)	.	.	ENSG00000184117.7	ENSG00000128218.7	ENST00000216121.7	ENST00000248948.3	upstream	downstream	duplicates(2)	GCTGGGGGGCCCGGGGCCTCGCGCTGGGGACGTTGCGTCTGCAGCTGCGGCGCG|TTTCCCAGACAGTCCTGGCCCAGCTGGATGCACTGCTGGTCTTCCCAGGCCAAGTGGCTCAACTCTCCTGCACGCTCAGCCCCCAGCACGTCACCATCAGGGACTACGGTGTGTCCTGGTACCAGCAGCGGGCAGGCAGTGCCCCTCGATATCTCCTCTAC	LGGPGPRAGDVASAAAAr|fpdspgpagctaglprpsgstllhaqpparhhqglrcvlvpaagrqcpsispl
RP11-589P10.7	CNTROB(332),RP11-1099M24.8(4618)	-/+	./+	17:6920444	17:7853568	exon	intergenic	deletion	1	3	0	34	5	medium	.	.	.	.	.	ENSG00000267047.1	.	.	.	downstream	upstream	.	CTGAGGCCGGGGGTCCCCCCATAAAGAAACAGAAGGCTG___ATGTGACACTCAGTGCTCTGAACGACTCCGATGCCAACAGTGACGTGGTGGATATTGAAGGG...TGGATGGCAGGGCACGGTCTCCGCAGGGGCCCCTCCCTTGTATAGGGGTTTCAGAA|CTTAAATCAACAAACAAAAAACAAATACCTCCATTAAAAAATGGGCAGAGGACCTGAACAGACACTTCGCAAAAGAAGACATGCAAGC...CAACAAACATTTGAAAAAATGCTCGTTAATAATCATCAGAGAAATGCAAATCAATTTAATGCAAAACCCCACAATGAGATACCATCTCATACCTATCAGAATGACTATTATTAAAAAGTCAAAAAACAACATGCTGGCGAGGCTGCAGAGAAAAGGGAATGCTTATATAGCTGTCAGTGG	.
TTLL1	TXNRD2	-/-	-/+	22:43464416	22:19874679	CDS/splice-site	intron	inversion/5'-5'	4	0	0	67	90	medium	out-of-frame	.	Tubulin-tyrosine_ligase_family(36%)|	.	.	ENSG00000100271.12	ENSG00000184470.15	ENST00000331018.7	.	upstream	upstream	.	AAATACCTCTATCTGG___ACTTTGTTCCAGTCACCTATATGCTGCCCGCTGACTACAACCTGTTTGTAGAGGAGTTCCGGAAGAGCCCGTCCAGCACCTGGATCATGAAGCCTTGTGGCAAGGCCCAGGGAAAGGGCATCTTCCTTATCAACAAGCTCTCACAGATCAAAAAGTGGTCCCGGGACAGCAAGACATCTTC|GCATCTTCACCATGTTCCTTCTTTGTAAGAGCTTATTACGTAATGGATACATGACACTCTGGCATATTTTCTGCAAACGACAAGG	KYLYLDFVPVTYMLPADYNLFVEEFRKSPSSTWIMKPCGKAQGKGIFLINKLSQIKKWSRDSKTSs|hlhhvpsl*
ZNRF3	RBFOX2	+/+	-/-	22:29280054	22:36334945	CDS/splice-site	CDS/splice-site	inversion	3	0	0	11	80	medium	in-frame	.	|Calcitonin_gene-related_peptide_regulator_C_terminal(100%),RNA_recognition_motif._(a.k.a._RRM__RBD__or_RNP_domain)(100%)	.	.	ENSG00000183579.11	ENSG00000100320.18	ENST00000544604.2	ENST00000438146.2	downstream	downstream	.	GAGACGGCGTTCGTGGAGGTGGTGCTGTTCGAGTCGAGCCCAAGCGGCGATTACACCACCTACACCACtGGCCTCACGGGCCGCTTCTCGCGGGCCGGGGCCACGCTCAGCGCCGAGGGCGAGATCGTGCAG|AACGAGCCTCTGACTCCAGGTTATCATGGATTCCCAGCGCGGGACAGCCAG	ETAFVEVVLFESSPSGDYTTYTTGLTGRFSRAGATLSAEGEIVQ|NEPLTPGYHGFPARDS
CTA-221G9.11	RP11-46E17.6(48885),RP1-231P7P.1(54894)	-/+	./-	22:25508429	22:27904906	intron	intergenic	inversion	0	2	1	12	3	medium	.	.	.	.	.	ENSG00000203280.3	.	.	.	downstream	downstream	duplicates(1)	CCCATGGATTACCTGGGAGATAAACTCACAGTGGCCCAGACCCACATGACCCAGTGGATGGGCACCGTGAGGAGGTCCTTCCAGGAAGCCCTCAATTTGGT...AGGCATACAGATTCGGAACCGCCAGATATT|GTAAAGACTCCAAAGCTCAGAAGAGTAAGTTGACTTGCTCAGAAACACAGAGCCAGTGGTTGTGTGGTGCAGACAAGAAGCCAGGAGcCTGTGATTCAAGGCCAGGAATACCACCATGTCTTGCTGTATATCTTTCAGGACTCTGTGACTCAGTTTTTCTGCAGGTTACTGTATGATTCTCTGGAGCAGGGTACAAGG	.
MLTK	CXorf21	+/+	-/-	2:173955918	X:30594983	CDS/splice-site	5'UTR/splice-site	translocation	1	1	1	512	16	medium	out-of-frame	.	Protein_kinase_domain(15%)|	.	.	ENSG00000091436.12	ENSG00000120280.5	ENST00000375213.3	ENST00000378962.3	downstream	downstream	.	ATGAGATGTCGTCTCTCGGTGCCTCCTTTGTGCAAATTAAATTTGATGACTTGCAGTTTTTTGAAAACTGCGGTGGAGGAAGTTTTGGGAGTGTTTATCGAGCCAAATGGATATCACAGGACAAGGAGGTGGCTGTAAAGAAGCTCCTCAAAATAGAGAAAGAG|GTCAGTGTGAGAAGAAGATTGTTTCTGAGCTTGAGAAGCTTCTGGAGGATTGAAGAGTATTTGAAGTCTGTGTCAAACATCCATATCATAAGTGGAATTTTGGAGATATTCAAAG___AATGCTGTCAG	MSSLGASFVQIKFDDLQFFENCGGGSFGSVYRAKWISQDKEVAVKKLLKIEKE|vsvrrrlflslrsfwrieeylksvsnihiisgileifkecc
RBX1	RBX1(42058),Y_RNA(30130)	+/+	./+	22:41349637	22:41411371	CDS/splice-site	intergenic	deletion/read-through	6	0	1	769	9	low	out-of-frame	.	.	.	.	ENSG00000100387.8	.	ENST00000216225.8	.	downstream	upstream	.	CCAAAATGGCGGCAGCGATGGATGTGGATACCCCGAGCGGCACCAACAGCGGCGCGGGCAAGAAGCGCTTTGAAGTGAAAAAG___TGGAATGCAGTAGCCCTCTGGGCCTGGGATATTGTGGTTGATAACTGTGCCATCTGCAGGAACCACATTATGGATCTTT|GATCCAATCCAGGTAAATCATCATGTCTCCTTACCTTCCTTATGACAGTTCCTCAGTCTTTCCTTATCCATGACCTCAA	MAAAMDVDTPSGTNSGAGKKRFEVKKWNAVALWAWDIVVDNCAICRNHIMDL|*
XPNPEP3	RBX1(42058),Y_RNA(30130)	+/+	./+	22:41349637	22:41411371	3'UTR/splice-site	intergenic	deletion/read-through	6	0	1	769	9	low	.	.	Aminopeptidase_P__N-terminal_domain(100%),Metallopeptidase_family_M24(100%)|	.	.	ENSG00000196236.8	.	ENST00000544094.1	.	downstream	upstream	.	CCAAAATGGCGGCAGCGATGGATGTGGATACCCCGAGCGGCACCAACAGCGGCGCGGGCAAGAAGCGCTTTGAAGTGAAAAAG___TGGAATGCAGTAGCCCTCTGGGCCTGGGATATTGTGGTTGATAACTGTGCCATCTGCAGGAACCACATTATGGATCTTT|GATCCAATCCAGGTAAATCATCATGTCTCCTTACCTTCCTTATGACAGTTCCTCAGTCTTTCCTTATCCATGACCTCAA	.
RP11-190P13.2(66324),GAP43(271653)	GAP43	./+	+/+	3:115070518	3:115394860	intergenic	CDS/splice-site	deletion/read-through	1	5	0	34	26	low	.	.	|Gap_junction_protein_N-terminal_region(67%),IQ_calmodulin-binding_motif(100%),Neuromodulin(100%)	.	.	.	ENSG00000172020.8	.	ENST00000305124.6	downstream	upstream	duplicates(2),mismatches(1)	CAACAAAGGCTCTGGCCTAATACCTTCCCCTCATTTCTGCTTCTGCTTCCTGACCAAAAGTTGGTGTTCCTTCTGTAGCCATTTGTAGCAAGCCATGACTCTCATTTCTAGGGGAACT|GTTGAAAAAAATGATGACGACCAAAAGATTGAACAAGATGGTATCAAACCAGAAGATAAAGCTCATAAGGCCGCAACCAAAATTCAGGCTAGCTTCCGTGGACACATAACAAGGAAAAAGCTCAAAGGAG	.
SLC38A4(187578),AMIGO2(55721)	SLC38A4	./-	-/-	12:47413769	12:47186966	intergenic	5'UTR/splice-site	deletion/read-through	1	1	1	10	5	low	.	.	|Transmembrane_amino_acid_transporter_protein(100%)	.	.	.	ENSG00000139209.11	.	ENST00000447411.1	upstream	downstream	.	TGGAGACTTCCAGCCTACGGCTCTGCGTGAAGCTATGAAGCAGTCTTCCTTCATCCACACAGCCGACCTTCCACTCCTGCCACCAAGCAGGAACATCTGTTTTGGATTTTAT|AACAGAGTGTTCTGAACATCAACACAAAGTGGAAGAACCTTAAGCTGAAGGTACAGTATATTATTTACACTGAAGGGGCTTGTGTGTGGACAAGAAAGCGCTGACAGCTC	.
TBK1	TK2	+/+	-/-	12:64885639	16:66547676	intron	CDS	translocation	0	0	2	6	190	low	.	.	Protein_kinase_domain(100%)|Deoxynucleoside_kinase(22%)	.	.	ENSG00000183735.5	ENSG00000166548.11	.	ENST00000299697.7	downstream	downstream	.	GTTTGTTTCTTTTCCTCAGTTTTAGATCTCAAACAGTGGTTTTCAAAATATGAGTAATGAACAACTAGTAGGTTATGAAGTTGGGTGCCTTGTAATCAGCA...|...GCTCATCAAAGGCAGCCTTTTCCCCATGGCAGCCCCTGTTCTG___GTGATTGAGGCTGACCACCACATGGAGAGGATGTTAGAACTCTTTGAACAAAATCaGG	.
SULT4A1	BCR	-/-	+/+	22:44223394	22:23603137	3'UTR/splice-site	CDS/splice-site	inversion	1	1	0	1	72	low	stop-codon	.	Sulfotransferase_domain(87%)|C2_domain(100%),PH_domain(100%),RhoGAP_domain(100%),RhoGEF_domain(100%)	.	.	ENSG00000130540.9	ENSG00000186716.15	ENST00000422525.1	ENST00000305877.8	upstream	upstream	.	CTTCTTGAGTTGGTGAGAATGCAGGGCCGAGTAGCCAGCTGCATTGCTTAGATTTGATTCATGTCACAGCATAAATTGTCTTGATTCCAAATCCTAAACCAG|AGTGAGCTGGACTTGGAAAAGGGCTTGGAGATGAGAAAATGGGTCCTGTCGGGAATCCTGGCTAGCGAGGAGACTTACCTGAGCCACCTGGAGGC	.
PPIL2	OSBP2	+/+	+/+	22:22026670	22:31090195	CDS/splice-site	CDS/splice-site	deletion	2	0	0	120	3	low	in-frame	.	Rtf2_RING-finger(22%)|Oxysterol-binding_protein_(100%),PH_domain(100%)	.	.	ENSG00000100023.13	ENSG00000184792.11	ENST00000335025.8	ENST00000403222.3	downstream	upstream	.	CGGAACTCGGCTGCGGCTCCATGGTCTGAGTTGTCAGCCGTTGTTTTTTCGTGCTCGCTAGTCGCCGCCGCCGCTCCGCCATGGGGAAGCGACAGCACCAA...CTACCCAGTCTGCACTCCCGATGGCATCGTCTTTGACTTACT___GAACATTGTTCCATGGCTTAAGAAGTACGGGACCAACCCCAGCAATGGAGAG|AGAACCCGAACGATGTCGTCACTGGCAGCGAAGCGCC	YPVCTPDGIVFDLLNIVPWLKKYGTNPSNGE|RTRTMSSLAAKR
TANGO2	RP5-1042K10.10	+/+	-/-	22:20008769	22:40772519	5'UTR/splice-site	exon/splice-site	inversion	0	2	0	34	15	low	.	.	.	.	.	ENSG00000183597.11	ENSG00000229999.2	ENST00000327374.4	ENST00000607915.1	downstream	downstream	duplicates(1)	CTCCGGGCTCTGGGCTCTGGGTGCGCGGACCGGGCCAGGCTGCTTGAAG|GTGAGAGAAATGAGGCATGACAGATAACTTGTAAGTTCTCGAAGTTTACAATGGTAAAGCCAGGCCGGGTGCAGTGGCATGCACCTGTAATCACAGCAACTCATGAGATTAAAGCAGGAGGACCTC...GAGGTTTCAGTGAGCTATGATCATGCCACTGCACTCCAACCTGGGCAACAGAGCAAAACCCTGTCAATCAATCAAGCAAGCAGACAAGCAAGGAAGCAAGC	.
TANGO2	RP5-1042K10.10	+/+	-/-	22:20008657	22:40772519	5'UTR/splice-site	exon/splice-site	inversion	0	0	0	10	15	low	.	.	.	.	.	ENSG00000183597.11	ENSG00000229999.2	ENST00000398042.2	ENST00000607915.1	downstream	downstream	low_entropy(3)	CCCGGAAGTCGGCGGCGGTGGCGGAGGCG|GTGAGAGAAATGAGGCATGACAGATAACTTGTAAGTTCTCGAAGTTTACAATGGTAAAGCCAGGCCGGGTGCAGTGGCATGCACCTGTAATCACAGCAACTCATGAGATTAAAGCAGGAGGACCTCTTGAGCCCAG	.
TBC1D22A	AP000344.4	+/+	+/+	22:47158745	22:23802540	CDS/splice-site	exon/splice-site	duplication	1	0	1	54	15	low	out-of-frame	.	.	.	.	ENSG00000054611.9	ENSG00000227755.1	ENST00000337137.4	ENST00000454268.1	downstream	upstream	.	GCCGGGTGCACTCGGGGTGTCTGGGCCGCGGGTCTGAGGGATGAGGAGGGGCCATGGCCAGCGACGGGGCCAGGAAGCAATTCTGGAAGCGCAGCAACAGCAAGCTCCCGGGCAG|GCCACCAGGCCCTCGGGTTCCAAGATGCAGCTACTGGAGACAGAGTTCTCGCACACCGTGGGCGAGCTCATCGAGGTGCACCTGCGGCGCCAGGACAGCATCCCTGCC	MASDGARKQFWKRSNSKLPGr|ppgprvprcsywrqssrtpwasssrctcgartasl
APOL4	SMARCB1	-/-	+/+	22:36600674	22:24158957	5'UTR/splice-site	CDS/splice-site	inversion	2	0	0	1	465	low	.	.	|SNF5_/_SMARCB1_/_INI1(83%)	.	.	ENSG00000100336.13	ENSG00000099956.13	ENST00000404685.3	ENST00000344921.6	upstream	upstream	.	TGGTTATTACACAGATGCACAGCTGGACGTGGGATCCACACAGCTCAGAACAGTTGGATCTTGCTCAGTCTCTGTCAGAGGAAGATCCCTTG___AgAAG...GATCTTGCTCAGTCTCTGTCAGAGGAAGATCCCTTG|AGAAGTTGATGACGCCTGAGATGTTTTCAGAAATCCTCTGTGACGATCTGGATTTGAACCCGCTGACGTTTGTGCCAGCC	.
TNRC6B	KIAA1671	+/+	+/+	22:40513132	22:25410397	5'UTR/splice-site	5'UTR/splice-site	duplication	0	1	0	12	5	low	.	.	.	.	.	ENSG00000100354.16	ENSG00000197077.8	ENST00000301923.9	ENST00000406486.4	downstream	upstream	.	CCTAGACTCATCTTCACGGGCTTGTGTTGCCCCAGGTACTGTCAAAG|ACAGGGTCTTACTCTGTCACCCAGGCTGGCGTGCCATGGTGCAGTCATAGCTCA...CAAGCATACACCACCATACCCA___ACCTGCTGAAACTCAGCCTGCTGGGACGAGTCTTCTTTCCCCCTTCTTGTTTCTGCCATGGAAGTGTGTGGACAGCCCC	.
TNRC6B	KIAA1671	+/+	+/+	22:40521866	22:25421600	CDS/splice-site	5'UTR/splice-site	duplication	0	1	0	13	11	low	out-of-frame	.	.	.	.	ENSG00000100354.16	ENSG00000197077.8	ENST00000301923.9	ENST00000406486.4	downstream	upstream	.	CAATGAGGGAGAAGTATCGGAAGAAAGCAGTTCCAAG|ACCTGCTGAAACTCAGCCTGCTGGGACGAGTCTTCTTTCCCCCTTCTTGTTTCTGCCATGGAAGTGTGTGGACAGCCCCATTCATGATGAC	NEGEVSEESSSK|tc*
RP11-61L23.2	FAM115A	-/-	-/-	7:143485983	7:143560889	intron	CDS/splice-site	duplication	1	0	0	9	180	low	.	.	.	.	.	ENSG00000253882.2	ENSG00000198420.5	.	ENST00000479870.1	upstream	downstream	.	AAGAAGGTAATGCGGAGTGGGTAGCCTCAGTATTGATTAAGAAGGGGACGGGCTTACCTTCCACTGTGAGAGTTACCCGAAGCTCGGCGTCCgTGATGGTC...GAGTCAGTCAGAGAGCCTTGGGCCAGAGTTCCAGGGGCTCTGGGAGTGGCTGCCAG|TTGTGAAGATGACCTCTCCGACGACAGAGAAGAGCTTCTGCATGG	.
